{"cameraMode":{"drawMode":0,"name":"Shaded","section":"Shading Mode"},"sceneLighting":true,"audioPlay":false,"sceneViewState":{"showFog":true,"showMaterialUpdate":false,"showSkybox":false,"showFlares":true,"showImageEffects":true,"showParticleSystems":true},"in2DMode":false,"pivot":{"x":0.21016192436218263,"y":1.0951805114746094,"z":0.08828306198120117},"rotation":{"x":-0.05002265423536301,"y":0.22047413885593415,"z":-0.011319519951939583,"w":-0.9740478992462158},"size":2.742077589035034,"orthographic":false}