{"cameraMode":{"drawMode":0,"name":"Shaded","section":"Shading Mode"},"sceneLighting":true,"audioPlay":false,"sceneViewState":{"showFog":true,"showMaterialUpdate":false,"showSkybox":true,"showFlares":true,"showImageEffects":true,"showParticleSystems":true},"in2DMode":false,"pivot":{"x":-0.01790785789489746,"y":1.1986169815063477,"z":0.11164042353630066},"rotation":{"x":-0.05002265423536301,"y":0.22047413885593415,"z":-0.011319519951939583,"w":-0.9740478992462158},"size":0.7590989470481873,"orthographic":false}