{"cameraMode":{"drawMode":0,"name":"Shaded","section":"Shading Mode"},"sceneLighting":true,"audioPlay":false,"sceneViewState":{"showFog":true,"showMaterialUpdate":false,"showSkybox":true,"showFlares":true,"showImageEffects":true,"showParticleSystems":true},"in2DMode":false,"pivot":{"x":-37.576236724853519,"y":4.171875,"z":-2.058804988861084},"rotation":{"x":0.2610810101032257,"y":-0.473063588142395,"z":0.14913706481456757,"w":0.8281417489051819},"size":16.259580612182618,"orthographic":true}