{"cameraMode":{"drawMode":0,"name":"Shaded","section":"Shading Mode"},"sceneLighting":false,"audioPlay":false,"sceneViewState":{"showFog":true,"showMaterialUpdate":false,"showSkybox":false,"showFlares":true,"showImageEffects":true,"showParticleSystems":true},"in2DMode":false,"pivot":{"x":-0.20131328701972962,"y":0.9377631545066834,"z":-0.13527369499206544},"rotation":{"x":-0.28523242473602297,"y":-0.1467704176902771,"z":0.044252365827560428,"w":-0.9461244344711304},"size":22.0,"orthographic":false}